subcat_id,kategori,sub_id,subjek,jumlah_tabel
1,Sosial dan Kependudukan,108,Agama,
1,Sosial dan Kependudukan,40,Gender,
1,Sosial dan Kependudukan,153,Geografi,
1,Sosial dan Kependudukan,151,Iklim,
1,Sosial dan Kependudukan,26,Indeks Pembangunan Manusia,
1,Sosial dan Kependudukan,23,Kemiskinan,
1,Sosial dan Kependudukan,12,Kependudukan,
1,Sosial dan Kependudukan,30,Kesehatan,
1,Sosial dan Kependudukan,5,Konsumsi dan Pengeluaran,
1,Sosial dan Kependudukan,101,Pemerintahan,
1,Sosial dan Kependudukan,28,Pendidikan,
1,Sosial dan Kependudukan,29,Perumahan,
1,Sosial dan Kependudukan,34,Politik dan Keamanan,
1,Sosial dan Kependudukan,27,Sosial Budaya,
1,Sosial dan Kependudukan,6,Tenaga Kerja,
2,Ekonomi dan Perdagangan,8,Ekspor-Impor,
2,Ekonomi dan Perdagangan,9,Industri,
2,Ekonomi dan Perdagangan,3,Inflasi,
2,Ekonomi dan Perdagangan,105,Input output,
2,Ekonomi dan Perdagangan,13,Keuangan,
2,Ekonomi dan Perdagangan,161,Komunikasi,
2,Ekonomi dan Perdagangan,4,Konstruksi,
2,Ekonomi dan Perdagangan,22,Nilai Tukar Petani,
2,Ekonomi dan Perdagangan,16,Pariwisata,
2,Ekonomi dan Perdagangan,104,Produk Domestik Regional Bruto (Kab/Kota dan Antar Provinsi),
2,Ekonomi dan Perdagangan,100,Produk Domestik Regional Bruto (Lapangan Usaha),
2,Ekonomi dan Perdagangan,52,Produk Domestik Regional Bruto (Pengeluaran),
2,Ekonomi dan Perdagangan,33,Sensus Ekonomi,
2,Ekonomi dan Perdagangan,17,Transportasi,
3,Pertanian dan Pertambangan,159,Energi,
3,Pertanian dan Pertambangan,55,Hortikultura,
3,Pertanian dan Pertambangan,60,Kehutanan,
3,Pertanian dan Pertambangan,56,Perikanan,
3,Pertanian dan Pertambangan,54,Perkebunan,
3,Pertanian dan Pertambangan,24,Peternakan,
3,Pertanian dan Pertambangan,53,Tanaman Pangan,
